model_n_dims,MinGE
2,27.010427811734733
4,26.53488493528048
8,25.577605403476046
16,23.655570560784124
32,19.8072784555125
64,12.108583425945696
128,-3.289850246104592
