model_n_dims,MinGE
2,28.71075374848303
4,28.235210872028777
8,27.27793134022434
16,25.355896497532424
32,21.507604392260795
64,13.808909362693988
128,-1.5895243093563067
