model_n_dims,MinGE
2,29.301209582923057
4,28.82566670646881
8,27.86838717466437
16,25.946352331972456
32,22.09806022670083
64,14.399365197134026
128,-0.9990684749162693
