model_n_dims,MinGE
2,24.858763292147934
4,24.38322041569368
8,23.425940883889247
16,21.503906041197325
32,17.6556139359257
64,9.956918906358899
128,-5.441514765691396
